unique volunteer ID,Volunteer Reddit,Additional Reddit/same username,Signup,Comment,Rafal
,PipperPapper,ChubbyhappyBuddha,07/01/2020 12:13:04,,implemented
,karmachameleon733,Nokuto,06/30/2020 10:22:12,,
,thomas_johnson19,MillieJacob,07/10/2020 14:09:32,Millie Jacob od 16.07,
,DeciduousTreant,rytovkyll,07/16/2020 23:36:00,,
,bonusbgc,,07/17/2020 00:43:51,,
,solaphir,bicycleflossing,07/21/2020 14:07:14,solaphir 25.07 / bicycleflossing ma tylko 1 interwecję 13.08,
,Hmkyna,,07/21/2020 20:23:02 LUB '07/13/2020 22:00:46,wybrać datę od pierwszej interwencji?,
,OatsFanatic,thomas_johnson19,07/29/2020 09:09:52,"nie wiem dokładnie od kiedy OatsFanatic przejęła thomas... ale poprzednia wolontariuszka z tym kontem od 16.07 została MillieJacob, więc wszystkie interwencje po tej dacie należą do kolejnej wolontariuszki",
,OatsFanatic.thomas_johnson19.,,07/29/2020 09:09:52,,
,Kawaii_Potato11,,08/02/2020 18:09:35,chyba - warto sprawdzić datę pierwszej interwencji,
,bicycleflossing,,08/08/2020 15:49:01,wszelkie interwencje bicycle flossing od 8.08 będą nowej wolontariuszki,
,double.intervention,,brak takiego usera?,delete user?,
,someone,,brak takiego usera?,delete user?,
,flower_seven,,from the beginning,,
,shakadee,Tylerdrew19,from the beginning,,
,john_thompson56,malutka79,from the beginning,,
,Amy_is_in_Vegas,,unknown,wybrać datę od pierwszej interwencji?,
,OneCat0,,unknown,wybrać datę od pierwszej interwencji?,
,Nocerefacileest,,unknown,wybrać datę od pierwszej interwencji?,